iteration,logZs,elbos,Ts
10,0.17371263579537422,-1.0278950808806622,48
20,-0.830911942659426,-1.5215338590286875,41
